,Country Name,Country Code,Indicator Name,Indicator Code,1960,1961,1962,1963,1964,1965,1966,1967,1968,1969,1970,1971,1972,1973,1974,1975,1976,1977,1978,1979,1980,1981,1982,1983,1984,1985,1986,1987,1988,1989,1990,1991,1992,1993,1994,1995,1996,1997,1998,1999,2000,2001,2002,2003,2004,2005,2006,2007,2008,2009,2010,2011,2012,2013,2014,2015,2016,2017,2018,2019,2020,2021,2022,Unnamed: 67
23,China,CHN,Merchandise trade (% of GDP),TG.VAL.TOTL.GD.ZS,8.73966440580174,7.36964458960193,6.96050941450686,6.86498179669214,6.63226290179475,6.82747346854139,6.72966556077456,6.25262688214625,6.22192169372274,5.45256420053749,4.95234268106011,4.92181420124131,5.75603935105889,8.00039245157329,10.332968319542,9.55457878771885,8.836603433025,8.38478565252,14.1005041107918,16.3983074525026,19.9006837049257,22.475015596493,20.2867330873511,18.9070245856056,20.6000072102636,22.4893998064982,24.5532871678826,30.2788215834495,32.9062926537949,32.1133581934154,31.9893221071876,35.3965687227091,38.7722904240279,44.0047749571959,41.9301483635483,38.2395899233001,33.5607791589925,33.8146128393265,31.4800670215131,32.9640351450219,39.1550083594448,38.0506703874952,42.2129683575106,51.2556729573703,59.0460472392909,62.2016669983036,63.9666850482847,61.3062304054163,55.7917305487312,43.2706520827916,48.8567000412559,48.2267515429806,45.3238967617279,43.4565360859956,41.0622381863451,35.7366346425321,32.8091691718753,33.3629092538926,33.2671736379489,32.0577948373547,31.6993279596762,33.9211794928319,35.1256143373776,
58,China,CHN,"Gross fixed capital formation, private sector (% of GDP)",NE.GDI.FPRV.ZS,,,,,,,,,,,,,,,,,,,,,,,,,,,,,,,,,28.2019250348606,34.4938139762285,31.7290639209599,29.7917142086247,29.1054667438557,28.1525301466177,29.8031246802454,29.552696328303,29.5991419837523,30.3956774571631,31.7579959615726,33.6983090911386,34.8532563282692,34.9490509950083,34.0629374827433,33.608239810538,34.4524458892404,38.2718267249602,38.4558751686793,39.058810717523,39.4698253516106,39.816991413207,38.7062582365564,36.6693813925048,35.3100007749515,35.5850886251279,35.176428373135,38.3735103388654,36.9659286890753,,,
60,China,CHN,Gross national expenditure (% of GDP),NE.DAB.TOTL.ZS,102.477838031426,103.378133060131,100.591032911719,102.9247724265,97.5530563099531,93.7618792964245,96.6073023667073,95.0462051276335,97.7902413565736,94.219158444603,96.7680497740931,96.8476726443893,95.5305515240558,96.4089959400624,97.1347470700569,97.0275634018753,99.0435670648464,97.1197933476923,98.321372414024,99.1919907709168,99.2945637809737,99.3651039827933,98.5464528958878,99.3773403023692,100.142559484941,104.134955847417,102.595183309978,100.10344321792,101.193783428888,101.491839053557,97.8069718218806,97.1551516004424,98.7871508752519,101.63205122765,98.2293396074712,97.8999977960134,97.5891901343009,95.171340391855,95.2650170639415,96.6810165021163,97.143816771361,97.4748457331132,97.1368866904512,97.6421249016335,97.0834451674128,94.7306904446359,92.482834172195,91.4784779137112,92.0425213544368,95.4365078659831,95.4695163719207,96.8194143781514,97.3678788956604,98.1160963448785,98.3488957681113,97.2256970846444,97.6701144442164,97.8809058190917,98.8511640341493,99.2696786856137,98.6971202262899,97.0620009222641,,
63,China,CHN,Households and NPISHs final consumption expenditure (% of GDP),NE.CON.PRVT.ZS,50.4523501802598,66.2744461575915,72.1648597487524,67.6279740447008,60.5211238859786,54.8731257208766,54.0636416582835,60.2775610299855,61.7281119201881,57.47120578942,52.9367899284994,51.365541943099,52.2723711017082,51.9737319497859,51.8796194787283,50.2878762954433,53.1519775145553,50.7015384615385,47.8184900961025,49.1156439200364,50.9393281681392,53.2337926650148,53.3581315468538,53.4957305129545,50.6910213458751,50.8569000638072,51.0161990515899,49.6739336716224,49.6175994462387,51.0948901019797,49.9926018083801,47.9171579040572,45.2746198096765,43.9961611451885,44.0878176708415,45.7541656975042,46.8492422197393,45.8957577884456,45.5053240554636,46.2056166356609,46.7323584232039,45.519809663003,44.9130188337297,42.7077849953396,40.610905600723,39.586878355938,37.7519795232291,36.3695258176097,35.2878801516335,35.3272959056619,34.326341089004,34.9204283438326,35.3865349121224,35.8331311198854,36.707898358839,37.7730036550847,38.6749819498488,38.5427462169171,38.5218805184666,39.2480621307644,38.2003124728804,38.1135645405604,,
86,China,CHN,Public private partnerships investment in energy (current US$),IE.PPN.ENGY.CD,,,,,,,,,,,,,,,,,,,,,,,,,62000000.0,,4000000000.0,,,542600000.0,,,1881000000.0,1529700000.0,272000000.0,914470000.0,2512900000.0,5080700000.0,2982800000.0,3965000000.0,43300000.0,508930000.0,1329770000.0,2810590000.0,788690000.0,1678120000.0,1197580000.0,1529040000.0,678770000.0,722000000.0,421470000.0,2671140000.0,3174900000.0,3682930000.0,1647500000.0,3186650000.0,3386891000.0,2950270000.0,265510000.0,9710000.0,838180000.0,264410000.0,327400000.0,
87,China,CHN,Investment in energy with private participation (current US$),IE.PPI.ENGY.CD,,,,,,,,,,,,,,,,,,,,,,,,,62000000.0,,4000000000.0,,,542600000.0,,,1881000000.0,2197000000.0,1048100000.0,987370000.0,2859100000.0,5946335000.0,3026000000.0,4347800000.0,846800000.0,997130000.0,1351330000.0,4678850000.0,1390490000.0,1678120000.0,1197580000.0,2214040000.0,678770000.0,2992000000.0,421470000.0,2671140000.0,3182820000.0,3691600000.0,1647500000.0,3186650000.0,3386891000.0,2950270000.0,265510000.0,9710000.0,838180000.0,264410000.0,563400000.0,
98,China,CHN,Firms using banks to finance investment (% of firms),IC.FRM.BNKS.ZS,,,,,,,,,,,,,,,,,,,,,,,,,,,,,,,,,,,,,,,,,,,,,,,,,,,,,14.7,,,,,,,,,,,
101,China,CHN,Private credit bureau coverage (% of adults),IC.CRD.PRVT.ZS,,,,,,,,,,,,,,,,,,,,,,,,,,,,,,,,,,,,,,,,,,,,,,,,,,,,,,0.0,0.0,0.0,0.0,0.0,0.0,0.0,,,,
126,China,CHN,GDP per person employed (constant 2017 PPP $),SL.GDP.PCAP.EM.KD,,,,,,,,,,,,,,,,,,,,,,,,,,,,,,,,2794.91357505862,3152.57571301091,3559.50060039568,3980.81709971298,4361.12687597592,4730.64176024946,5091.54328332447,5409.74327918344,5747.90649695982,6154.54833647187,6638.20165310614,7197.88335401677,7867.58906464783,8575.93449373147,9467.67556462835,10594.2881263311,12064.3935364763,13256.2993901676,14536.6441425687,16082.516906657,17525.7424907058,18895.044528293,20364.0472293844,21854.4462089009,23378.569320421,24962.2772160735,26734.5290540548,28579.5548730447,30397.0292998177,32213.1186592297,33481.1985477527,34538.9851004722,
147,China,CHN,Current health expenditure (% of GDP),SH.XPD.CHEX.GD.ZS,,,,,,,,,,,,,,,,,,,,,,,,,,,,,,,,,,,,,,,,,4.50828123,4.25330067,4.38285255,4.41762781,4.29347467,4.17605019,3.94742203,3.67491412,3.900002,4.34958458,4.23068333,4.34274387,4.56584787,4.71490669,4.77790594,4.93827963,4.97955608,5.06592178,5.16790485,5.3502779,5.59359694,,,
157,China,CHN,Depth of credit information index (0=low to 8=high),IC.CRD.INFO.XQ,,,,,,,,,,,,,,,,,,,,,,,,,,,,,,,,,,,,,,,,,,,,,,,,,,,,,,6.0,6.0,6.0,8.0,8.0,8.0,8.0,,,,
163,China,CHN,Expense (% of GDP),GC.XPN.TOTL.GD.ZS,,,,,,,,,,,,,,,,,,,,,,,,,,,,,,,,,,,,,,,,,,,,,,,,,,,,,,,,,,,,,,,,
172,China,CHN,Net investment in nonfinancial assets (current LCU),GC.NFN.TOTL.CN,,,,,,,,,,,,,,,,,,,,,,,,,,,,,,,,,,,,,,,,,,,,,,,,,,,,,,36500000000.0,33500000000.0,24215000000.0,,,,,,,,
177,China,CHN,"Claims on central government, etc. (% GDP)",FS.AST.CGOV.GD.ZS,,,,,,,,,,,,,,,,,,-12.3353846153846,-12.420139915246,-1.42667140483994,0.178743434959243,-0.502448134235561,-0.104218036382346,0.0979916023075936,1.30383966370855,-1.02539326218941,0.56475643516567,1.70847576910023,2.01180648772514,1.43541156675526,2.22912586237911,2.64477790811931,3.71582066892722,3.31845472955472,2.73986401599766,2.71715512315336,3.03619245056889,2.02813660872039,5.68653226617,6.48899741159864,5.85911631532186,9.93647815191822,10.9531646989755,9.58980851059559,9.66089622771979,8.11304665307943,6.99526826952354,10.443758494022,9.22007414432906,9.3218833378786,8.39665944385464,8.68218528356981,9.41062166230762,8.27093571385255,8.55347386124636,14.2695613788415,21.7514277795994,24.6253960943825,27.3450993013416,29.4081411751516,33.5640043908515,33.5154561720823,37.1721908175854,
178,China,CHN,Lending interest rate (%),FR.INR.LEND,,,,,,,,,,,,,,,,,,,,,5.039999999,5.039999999,7.199999999,7.199999999,7.199999999,7.919999999,7.92,7.92,9.0,11.34,9.36,8.64,8.64,10.98,10.98,12.06,10.08,8.64,6.39,5.85,5.85,5.85,5.31,5.31,5.58,5.58,6.12,7.47,5.31,5.31,5.81,6.56,6.0,6.0,5.6,4.35,4.35,4.35,4.35,4.35,4.35,4.35,4.35,
181,China,CHN,Net domestic credit (current LCU),FM.AST.DOMS.CN,,,,,,,,,,,,,,,,,,126240000000.0,139310000000.0,198110000000.0,242250000000.0,273990000000.0,304670000000.0,343700000000.0,451450000000.0,592950000000.0,794180000000.0,970870000000.0,1153640000000.0,1349790000000.0,1668920000000.0,2002670000000.0,2449920000000.0,3575210000000.0,4310370000000.0,5331860000000.0,6642170000000.0,7954341000000.0,9546867000000.0,10701300000000.0,11873212000000.0,13487599000000.0,17262473000000.0,20628364000000.0,22441911000000.0,24836710000000.0,28873779000000.0,33965923000000.0,37937867000000.0,49458027036317.5,58732402380409.3,68797152649750.1,80559373600397.0,92700701698434.5,107696217744950.0,133269276018165.0,160006721141338.0,178027808559060.0,196545136539864.0,217283339007640.0,244000457968308.0,267342833607684.0,294948575392955.0,
183,China,CHN,Domestic credit to private sector by banks (% of GDP),FD.AST.PRVT.GD.ZS,,,,,,,,,,,,,,,,,,,,,,,,,,65.3306292364282,74.738671582078,76.1741992070128,71.9704996758095,75.1233644790892,84.0455160539219,86.3215519441085,84.4096192885607,94.9899957473316,84.3851799758283,83.0973105575979,88.5383462243356,96.511255171815,105.07135065871,110.271416484894,111.013078790344,109.86821104567,117.328846133303,125.521347506553,118.551915003504,111.807301085928,109.128155488551,105.76396473165,101.989746096482,124.395396255503,126.573430593254,123.090805793811,128.917999180592,134.315037086747,140.235081055166,152.584085545952,156.219087356512,154.882799206069,157.809050264081,165.390369621906,182.868059385178,177.267426847586,185.363493889347,
201,China,CHN,CO2 emissions (kg per PPP $ of GDP),EN.ATM.CO2E.PP.GD,,,,,,,,,,,,,,,,,,,,,,,,,,,,,,,1.95079355378859,1.82937551534869,1.64476901034084,1.54338608194593,1.3986169141848,1.37782543774099,1.22369397344483,1.1240443150869,1.0642657054107,0.949906048600416,0.908532312450942,0.864888812324168,0.839397703764096,0.871863834296728,0.891131269580749,0.883571748104159,0.840400861149051,0.778182667241147,0.716891436061114,0.698108277661049,0.684556525267189,0.670493270629503,0.630798744243144,0.616564037878549,0.585297654690664,0.553993430368542,0.526980725619998,0.507329210515754,0.486080645102757,0.459036473322334,0.450690817090424,,,
204,China,CHN,"Energy use (kg of oil equivalent) per $1,000 GDP (constant 2017 PPP)",EG.USE.COMM.GD.PP.KD,,,,,,,,,,,,,,,,,,,,,,,,,,,,,,,538.6595242856,480.125933653922,434.629126253198,404.265129579428,374.571517288557,362.468186967024,338.919863555613,309.934537208359,289.359171817041,273.962737266064,260.449263386049,250.195806693024,244.712641937632,254.141377157414,263.250391569644,261.252791097485,253.382773948216,239.901292536428,225.67549885637,220.393525668495,220.012739960348,215.398964590408,207.275985361881,198.54579573458,187.687033335641,,,,,,,,,
205,China,CHN,GDP per unit of energy use (constant 2017 PPP $ per kg of oil equivalent),EG.GDP.PUSE.KO.PP.KD,,,,,,,,,,,,,,,,,,,,,,,,,,,,,,,1.85646025905929,2.08278688965968,2.30081220883811,2.47362418084473,2.66971714037091,2.75886280770614,2.95054998992678,3.22648778999331,3.45591257301597,3.65013143750579,3.8395194019718,3.99686954476796,4.08642558096718,3.93481774272674,3.79866481503579,3.82771030234413,3.94659820167717,4.16838104299982,4.43114119639742,4.53733836766217,4.54519133837533,4.64254785022552,4.82448556813811,5.03662138148128,5.32801857553844,,,,,,,,,
209,China,CHN,Energy intensity level of primary energy (MJ/$2017 PPP GDP),EG.EGY.PRIM.PP.KD,,,,,,,,,,,,,,,,,,,,,,,,,,,,,,,,,,,,,,,,,10.89,10.38,10.11,10.48,10.84,10.72,10.41,9.81,9.18,8.95,8.93,8.75,8.41,8.05,7.69,7.21,6.71,6.51,6.39,6.31,6.37,,,
219,China,CHN,"Stocks traded, total value (% of GDP)",CM.MKT.TRAD.GD.ZS,,,,,,,,,,,,,,,,,,,,,,,,,,,,,,,,,,8.98639281256201,12.0804460818306,10.5555340636235,35.6282887587911,38.5871589719433,27.635872042332,,62.1285767602934,34.5512325426416,22.9986372398788,23.3696543522329,26.1588342222631,17.1641886416003,42.112689270384,177.601867047211,84.9972002949932,153.493743713007,135.657668078578,88.3790629016484,58.9204148433202,80.4138203851572,114.163397291003,355.51920039721,162.864305225218,139.907740309583,94.0678608400384,127.785325214212,215.013666718156,,,
222,China,CHN,"Personal remittances, received (% of GDP)",BX.TRF.PWKR.DT.GD.ZS,,,,,,,,,,,,,,,,,,,,,,,0.301000001670038,0.234950644841302,0.15503189426014,0.0875639686727539,0.148052537850591,0.0835394053923006,0.10447773529576,0.0543063111426256,0.054298379826764,0.101681567707581,0.145082502599815,0.141968875349251,0.151863685588181,0.0476524455720741,0.193574683245316,0.477224455255133,0.0334285429354637,0.0484456052654012,0.0625825317198815,0.0902642406244306,0.160012125742882,0.278587353256076,0.339644105652139,0.145980682730527,0.156951546333091,0.192464767492085,0.198865414659854,0.180518374523848,0.224012016826349,0.219403721317414,0.200014674499163,0.185885376015872,0.285524741597337,0.299276380176618,0.239317434276932,0.232939390318651,0.174924555893236,0.128111719031513,0.128517023033486,0.126146574567634,0.145329420846753,
228,China,CHN,"Portfolio investment, net (BoP, current US$)",BN.KLT.PTXL.CD,,,,,,,,,,,,,,,,,,,,,,,-21000000.0,621000000.0,1638000000.0,-3027000000.0,-1568000000.0,-1051000000.0,-876000000.0,180000000.0,241000000.0,-235000000.0,57000000.0,-3049000000.0,-3543000000.0,-789400000.0,-1744000000.0,-6943000000.0,3732000000.0,11234000000.0,3990732000.0,19405000000.0,10342485051.8252,-11437115819.9986,-19743601592.0469,4709837172.2624,68416515086.0359,-16442973699.6943,-34852395243.9119,-27087363798.0013,-24038442273.013,-19639146481.0331,-47779274570.0752,-52891117744.1311,-82429447386.7501,66470061883.31,52270616754.1906,-29497793098.2633,-106873525546.721,-57947645385.638,-95539019942.7,-51365856850.46,281113323707.33,
231,China,CHN,"Foreign direct investment, net outflows (BoP, current US$)",BM.KLT.DINV.CD.WD,,,,,,,,,,,,,,,,,,,,,,,44000000.0,93000000.0,134000000.0,629000000.0,450000000.0,645000000.0,850000000.0,780000000.0,830000000.0,913000000.0,4000000000.0,4400000000.0,2000000000.0,2000000000.0,2114000000.0,3765000000.0,4527000000.0,4036000000.0,4612000000.0,9696000000.0,6284049718.62298,8456083723.56331,7972601713.71155,13729566302.8637,23932198467.5382,17154799701.5885,56742276629.6973,43889985500.0,57953599366.3569,48420641059.6476,64963386524.0,72970879683.31,123129554305.76,174390681862.62,216424460753.575,138292767802.139,143026576683.861,136910000000.0,153720808338.11,178797739982.88,149692325677.08,
280,China,CHN,Domestic general government health expenditure (% of GDP),SH.XPD.GHED.GD.ZS,,,,,,,,,,,,,,,,,,,,,,,,,,,,,,,,,,,,,,,,,0.99070781,0.9747563,1.11262381,1.25344622,1.29851866,1.36797953,1.38712025,1.43417549,1.7363745,2.14862132,2.19598818,2.33301282,2.54478717,2.68986797,2.79103708,2.97190666,2.89319348,2.87102771,2.91554713,2.99503422,3.06103563,,,
325,China,CHN,"Government expenditure per student, tertiary (% of GDP per capita)",SE.XPD.TERT.PC.ZS,,,,,,,,,,,,,,,,,,,,,,,,,,,,,,,,,,,,,,,58.74403,89.11563,,,,,,,,,,,,,,,,,,,,,,,,
326,China,CHN,"Government expenditure per student, primary (% of GDP per capita)",SE.XPD.PRIM.PC.ZS,,,,,,,,,,,,,,,,,,,,,,,,,,,,,,,,,,,,,,,5.90241,,,,,,,,,,,,,,,,,,,,,,,,,
373,China,CHN,Price level ratio of PPP conversion factor (GDP) to market exchange rate,PA.NUS.PPPC.RF,,,,,,,,,,,,,,,,,,,,,,,,,,,,,,,0.323903048401778,0.304638289456542,0.290375033730025,0.259465122769714,0.285175309171134,0.327651787391176,0.344231582936689,0.344876978435412,0.338411537987326,0.329524048962495,0.328858640402072,0.328253362842863,0.325166375259962,0.327170802122271,0.340777796029363,0.346770948650515,0.359284421520463,0.39507095077427,0.457475213337183,0.461393941367748,0.491689064381873,0.545459847016077,0.564128670002011,0.591314990999608,0.611848324800907,0.621550269002401,0.600323658910991,0.619020978612239,0.639148115580539,0.609043348925134,0.604826033742771,0.647572648218866,0.592309849521722,
383,China,CHN,"GDP per capita, PPP (constant 2017 international $)",NY.GDP.PCAP.PP.KD,,,,,,,,,,,,,,,,,,,,,,,,,,,,,,,1423.89634790711,1534.70527155072,1731.65721549507,1949.534268233,2178.9240567606,2391.47711558936,2601.36342607386,2812.71113459466,3004.42734154703,3206.73002570818,3451.67923092858,3712.33813234069,4024.35569663549,4400.82518341212,4817.21184452758,5334.6466393818,5979.78171182527,6795.17401237991,7412.87436349204,8069.35463837756,8884.58803122605,9680.09769961662,10370.7265716791,11101.9389299934,11851.4042175796,12612.3516512418,13399.1373202744,14243.5326108491,15133.9956182327,15977.7638279876,16296.6093789678,17657.4951808666,18187.9787370537,
384,China,CHN,GDP per capita (constant 2015 US$),NY.GDP.PCAP.KD,238.217064539596,175.023690648895,163.907052423586,176.400465038858,203.687844894515,232.607219042772,250.304915833897,229.876286172258,214.770077253607,244.363977154436,283.585371215779,295.380186485794,299.190903908794,315.129680031066,315.816680593065,337.344136734593,326.949477684525,346.939174229985,381.099349491894,404.596653779982,430.855432409241,447.119809916529,480.311347634892,524.409390725924,596.201140363961,667.128576945448,716.10537758984,786.864922900416,861.193531864752,883.764201558456,905.032504707292,975.462966767608,1100.64617367513,1239.12943830846,1384.93023003783,1520.02954923879,1653.43387572699,1787.76707089802,1909.62242871681,2038.20658108471,2193.89698162019,2359.572509032,2557.89174634267,2797.17680600598,3061.83333342101,3390.716337509,3800.7659955099,4319.03162430702,4711.64369663046,5128.90439706266,5647.06902367691,6152.6971958122,6591.66284020379,7056.42346206424,7532.78569686615,8016.44601585644,8516.52918957832,9053.22920002159,9619.20998022803,10155.5114163468,10358.1705411086,11223.1533663847,11560.3301997039,
385,China,CHN,"GDP, PPP (constant 2017 international $)",NY.GDP.MKTP.PP.KD,,,,,,,,,,,,,,,,,,,,,,,,,,,,,,,1616385775698.94,1766108132395.14,2017328706335.29,2297409163056.5,2596917953189.27,2881383160103.41,3167290039416.23,3459845648886.52,3731303470424.21,4017182938755.54,4358245522535.81,4721537253617.51,5152785033972.09,5670023166308.18,6243467841396.09,6954885516694.85,7839613419837.17,8955257903305.3,9819501089971.55,10742409055886.5,11884957832311.2,13020070209403.8,14043934216102.1,15134607226924.2,16258467389928.8,17403279549482.5,18595188781703.6,19887033884256.7,21229363693432.1,22492617140030.3,22996145494661.5,24938739893648.7,25684608872998.8,
386,China,CHN,GDP (constant 2015 US$),NY.GDP.MKTP.KD,158907457242.429,115573393646.185,109124398292.051,120364211312.289,142246424921.309,166357193951.105,184074235104.248,173453151731.277,166341572533.691,194519834914.36,232062163046.44,248445751754.134,257911534896.498,277925470006.599,284345548371.966,309140480182.898,304286974638.822,327321498623.151,364393859506.917,392056180496.071,422770430220.081,444385672278.89,484456434564.981,536633373623.745,618156247357.863,701178819512.744,763934055759.066,852989116696.352,948716630508.167,988622824073.367,1027379323856.15,1122543272896.83,1282219772946.32,1460239695280.22,1650608320717.13,1831415202548.1,2013138415391.4,2199087579734.88,2371626931008.41,2553332721355.15,2770113054357.83,3001022295612.35,3275124592017.16,3603882596858.11,3968365637613.63,4420544703537.24,4982880235433.39,5691986992199.86,6241302380960.02,6827905267633.63,7554112468317.73,8275593072769.26,8926363901575.56,9619598720424.46,10333927386102.8,11061573199439.7,11819154044004.9,12640254407508.1,13493442991864.7,14296370418805.1,14616414450558.4,15851132888547.1,16325209299766.8,
387,China,CHN,Mineral rents (% of GDP),NY.GDP.MINR.RT.ZS,,,,,,,,,,,0.190311947728461,0.142432078198573,0.111912039283719,0.175160226082526,0.31941707077155,0.22050058635815,0.421319811368948,0.423540650502366,0.280544558453324,0.354068171396976,0.404616392108178,0.532478138222438,0.465097625470962,0.407938801657631,0.287607377236682,0.254013353131154,0.175061500665316,0.258693727832562,1.11136888543569,0.395103473714275,0.376864557442531,0.742892477567943,0.68941916565197,0.523713114155201,0.444568832397725,0.317944090455996,0.238792079367953,0.23416085353456,0.4381486529878,0.337011065325236,0.143065124667862,0.124862064663083,0.127806840215127,0.137301920518456,0.263034043120524,0.719382293325194,1.17112949883967,2.15745853560002,2.36221058764274,0.996362930664087,2.02001128407646,2.33286209782444,0.783715365961303,0.604283761994796,0.358822126128755,0.203345375101355,0.185155152566946,0.235890375798972,0.178921788137024,0.272313304955158,0.168349189697692,0.510049245324858,,
389,China,CHN,GDP deflator: linked series (base year varies by country),NY.GDP.DEFL.ZS.AD,,,,,,,,,,,,,,,,,,,,,,,,,,,,,,,29.4981074937249,31.4787688237639,34.0569816734585,39.2288287661142,47.3166320041664,53.782779280184,57.2822798564587,58.2082872874904,57.6842662328326,56.9556799518528,58.1305575109715,59.320518773033,59.6776870696326,61.2312033226181,65.4879920957622,68.0444758342362,70.7162757895563,76.1965654628766,82.1363514088809,81.9642483511853,87.6045199518723,94.6791845619766,96.8863623530842,98.9823728763223,100.002944180253,100.0,101.40734602725,105.699596484141,109.398815613029,110.806450619399,111.35216540447,116.422346047122,119.038659656967,
390,China,CHN,Coal rents (% of GDP),NY.GDP.COAL.RT.ZS,,,,,,,,,,,,0.0745389208411057,0.0691535992826392,0.077074228180657,0.711009206486046,2.69280693403666,3.0311520485369,3.08113278502555,3.33590821868904,2.69650761840277,4.550303812533,7.95333965961777,8.72549855637581,4.38935293161726,2.98496212712962,3.04748440074638,1.58663620371161,0.196742361719575,0.914569028426778,1.47842452212878,1.7052386616778,1.34805201595044,0.699208657061324,0.142655939106701,0.0649779012544379,0.455735912219756,0.128660824709202,0.0847831389309089,0.14993960613722,0.0711870233211488,0.146386681969002,0.801896055646553,0.263542850237849,0.220007406138794,2.48180871668287,1.84458902608905,1.8434710833023,2.10209759333344,4.95292742699964,1.70995200685933,2.74101073299239,3.531173681463,1.77837319641686,1.08227721470867,0.795129720884853,0.404630230720423,0.413140466173888,0.53771676055273,0.582602393231466,0.448117054740137,0.359558405712834,0.607568894164746,,
422,China,CHN,Net lending (+) / net borrowing (-) (% of GDP),GC.NLD.TOTL.GD.ZS,,,,,,,,,,,,,,,,,,,,,,,,,,,,,,,,,,,,,,,,,,,,,,,,,,,,,,,,,,,,,,,,
423,China,CHN,"Net incurrence of liabilities, total (% of GDP)",GC.LBL.TOTL.GD.ZS,,,,,,,,,,,,,,,,,,,,,,,,,,,,,,,,,,,,,,,,,,,,,,,,,,,,,1.02510313732236,1.54836076546991,1.384252754252,1.58873621788185,1.80429382923705,1.76716042443203,1.61400571934493,1.86825605496799,4.03207977371008,2.07019265825935,,
424,China,CHN,Net acquisition of financial assets (% of GDP),GC.AST.TOTL.GD.ZS,,,,,,,,,,,,,,,,,,,,,,,,,,,,,,,,,,,,,,,,,,,,,,,,,,,,,,,,,,,,,,,,
427,China,CHN,Domestic credit to private sector (% of GDP),FS.AST.PRVT.GD.ZS,,,,,,,,,,,,,,,,,,51.1784615384615,50.2894700004489,49.7408375608811,52.6268628075733,56.0128369645587,56.8044129374708,56.9862689284041,60.7212832215627,66.1922673045488,75.9741967525257,78.0370949013971,73.9836236530485,77.1332899211029,86.200461355157,88.3623934536212,86.3728816885016,96.9026344210731,85.882585771154,84.206050702349,89.4555815789448,96.7258194376823,105.193223282686,110.383524583833,111.122970939299,110.044590706126,117.49869856029,125.671432607624,118.6361030068,111.842924826452,109.158387197031,105.787508532942,102.00356622006,124.408008908592,126.579494210428,123.095927186754,128.922639036534,134.319251401012,140.236886965913,152.594499832597,156.229943475554,154.895051691759,157.812078588381,165.390369621906,182.868059385178,177.267426847586,185.363493889347,
428,China,CHN,"Risk premium on lending (lending rate minus treasury bill rate, %)",FR.INR.RISK,,,,,,,,,,,,,,,,,,,,,,,,,,,,,,,,,,,,,,,,,,,,,,,,,,,,,,,,,,,,,,,,
453,China,CHN,CO2 emissions (kg per 2015 US$ of GDP),EN.ATM.CO2E.KD.GD,,,,,,,,,,,,,,,,,,,,,,,,,,,,,,,2.11544475300762,2.05086543707041,1.88592887976096,1.81162839809826,1.67675539088373,1.68646639806348,1.5252329777846,1.42518771370526,1.3645816539214,1.23511560934614,1.20808275125645,1.17595970718368,1.15908784333055,1.22767944878594,1.2884943240953,1.31762610506783,1.29191752477272,1.22860133193967,1.15354204307797,1.13051823325534,1.12189522403117,1.12167836412162,1.06880470090582,1.03737466499639,0.969722645184873,0.891309131371967,0.834316395512403,0.798185928442002,0.783140522872562,0.752836117469568,0.748794188685714,,,
456,China,CHN,GDP per unit of energy use (PPP $ per kg of oil equivalent),EG.GDP.PUSE.KO.PP,,,,,,,,,,,,,,,,,,,,,,,,,,,,,,,1.27956347294277,1.48410606706734,1.67682357342718,1.84550004140311,2.03433272933928,2.14634435121792,2.33750282266997,2.60018628635283,2.81642382084736,3.01662455459073,3.24503192325833,3.45412409885695,3.58655891840045,3.52165449020566,3.49106232318401,3.62806644254965,3.85617749421447,4.18294969649735,4.53191155560807,4.67026745625129,4.73457451760728,4.93646553700011,5.19570336336345,5.38620096350816,5.61076766078296,,,,,,,,,
472,China,CHN,"Foreign direct investment, net inflows (% of GDP)",BX.KLT.DINV.WD.GD.ZS,,,,,,,,,,,,,,,,,,,,4.4873083502658e-05,0.0298196364663713,0.135296316146172,0.209664356764914,0.275698542655107,0.483945714588724,0.536046583129515,0.623424605798281,0.847702964733309,1.02255894629729,0.97565028966922,0.966308310992784,1.13883773180262,2.61316219284371,6.18688207614214,5.98718593345142,4.88086300514972,4.65181266315599,4.72534365272128,4.43550120275088,3.74895859312295,3.47512597253058,3.51298867998456,3.60908135293279,3.48741875884679,3.48364146448105,4.55426329697516,4.50860069139517,4.4009836314446,3.73361071056151,2.56889432679988,4.00354458563825,3.70880670399236,2.82710525795696,3.03985503240276,2.55924764977625,2.19217761574531,1.55563695890012,1.34912371356576,1.69389432987351,1.31071593436329,1.7231756197056,1.93078624097438,1.00297929663148,
477,China,CHN,"Foreign direct investment, net (BoP, current US$)",BN.KLT.DINV.CD,,,,,,,,,,,,,,,,,,,,,,,-386000000.0,-543000000.0,-1124000000.0,-1030000000.0,-1425000000.0,-1669000000.0,-2344000000.0,-2613000000.0,-2657000000.0,-3453000000.0,-7156000000.0,-23115000000.0,-31787000000.0,-33849200000.0,-38066000000.0,-41674000000.0,-41117000000.0,-36978000000.0,-37483300000.0,-37357000000.0,-46789569178.7806,-49444853743.8231,-60144670467.5079,-90379127564.2216,-100149837150.968,-139094535501.613,-114792373681.871,-87167067369.5,-185749835191.821,-231651578090.287,-176250481637.42,-217957551783.694,-144967626758.575,-68098649764.7788,41674876169.524,-27790987919.5091,-92338473352.4804,-50259822364.755,-99374807720.47,-165277237079.6,-30474555667.96,
514,China,CHN,"Government expenditure per student, secondary (% of GDP per capita)",SE.XPD.SECO.PC.ZS,,,,,,,,,,,,,,,,,,,,,,,,,,,,,,,,,,,,,,,,11.42726,,,,,,,,,,,,,,,,,,,,,,,,
564,China,CHN,"Revenue, excluding grants (% of GDP)",GC.REV.XGRT.GD.ZS,,,,,,,,,,,,,,,,,,,,,,,,,,,,,,,,,,,,,,,,,,,,,,9.62504082604117,10.1251615144195,16.7345024759724,11.076537734555,11.6627061599211,11.2310799432248,11.2387260137086,11.1389589630267,10.9562365189849,15.8181780335482,16.0430230597269,15.6299264256437,15.8831720481562,16.5358955398421,16.1005703947567,14.0860868694423,14.9369701201754,,
566,China,CHN,Net investment in nonfinancial assets (% of GDP),GC.NFN.TOTL.GD.ZS,,,,,,,,,,,,,,,,,,,,,,,,,,,,,,,,,,,,,,,,,,,,,,,,,,,,,,0.0615552502770896,0.052053947411632,0.0351523715120686,,,,,,,,
567,China,CHN,"Central government debt, total (% of GDP)",GC.DOD.TOTL.GD.ZS,,,,,,,,,,,,,,,,,,,,,,,,,,,,,,,,,,,,,,,,,,,,,,,,,,,,,,,,,,,,,,,,
568,China,CHN,Research and development expenditure (% of GDP),GB.XPD.RSDV.GD.ZS,,,,,,,,,,,,,,,,,,,,,,,,,,,,,,,,,,,,,0.563239991664886,0.638729989528656,0.646889984607697,0.749629974365234,0.893159985542297,0.940330028533936,1.05786001682281,1.12037003040314,1.21498000621796,1.30791997909546,1.36854004859924,1.37369000911713,1.44591999053955,1.66480004787445,1.7137199640274,1.78033995628357,1.91214001178741,1.99785995483398,2.02242994308472,2.05700993537903,2.10033011436462,2.11602997779846,2.14057993888855,2.2446300983429,2.40666007995605,,,
571,China,CHN,Claims on other sectors of the domestic economy (% of GDP),FS.AST.DOMO.GD.ZS,,,,,,,,,,,,,,,,,,,,,,,,,,,,,,,,,,,,,,,,,,,,,,,,,,,,,,,,,,,,,,,,
572,China,CHN,"Interest rate spread (lending rate minus deposit rate, %)",FR.INR.LNDP,,,,,,,,,,,,,,,,,,,,,-0.360000001,-0.360000001,1.439999999,1.439999999,1.44,0.719999999,0.72,0.72,0.359999999999999,0.0,0.719999999999999,1.08,1.08,0.0,0.0,1.08,2.61,2.97,2.61,3.6,3.6,3.6,3.33,3.33,3.33,3.33,3.6,3.33,3.06,3.06,3.06,3.06,3.0,3.0,2.85,2.85,2.85,2.85,2.85,2.85,2.85,2.85,2.85,
574,China,CHN,Broad money (% of GDP),FM.LBL.BMNY.GD.ZS,,,,,,,,,,,,,,,,,,26.4123076923077,24.1851575456213,32.3817827580594,36.4266041659014,40.0682127047447,42.165500898479,45.0562065661085,49.4401162260823,53.5765231923599,61.1845171381019,65.3606975242221,63.2533303070908,66.3170621297622,77.7936843329304,84.5188313321654,89.4565899645653,100.02121939035,96.4694894115376,99.0277267794241,105.962197479258,115.24525964383,123.903376604692,133.653060556666,135.580416035304,141.08562496034,145.390144727744,153.550935354663,149.793554727932,151.085803562345,157.494532482608,149.371964536552,148.840914139071,175.091378859566,176.126636974039,174.527719800556,180.873584238607,186.609379383303,190.870921682684,202.11388866789,207.673757889367,201.406397971845,195.035875938151,197.886547149781,211.891638038497,203.837869582923,216.145002358847,
595,China,CHN,CO2 emissions (kg per 2017 PPP $ of GDP),EN.ATM.CO2E.PP.GD.KD,,,,,,,,,,,,,,,,,,,,,,,,,,,,,,,1.34458260687194,1.30353581288245,1.19870167534219,1.15147608120467,1.065750420263,1.07192276361091,0.969442350333642,0.905853300423575,0.867331919167665,0.785042938815466,0.767860778539353,0.747443281803213,0.736719477907986,0.780316494347022,0.818970599335488,0.837486840871541,0.821146395268774,0.780902445860201,0.733194551742838,0.718560553767982,0.713079744966322,0.712941908200741,0.679335259849143,0.659358241041583,0.616358427868022,0.566518578982039,0.530293836527353,0.507329210515754,0.497766308618532,0.478504743711895,0.475935682462123,,,
638,China,CHN,"Government expenditure on education, total (% of GDP)",SE.XPD.TOTL.GD.ZS,,,,,,,,,,,,1.38873994350433,1.60476005077362,1.65082001686096,1.76115000247955,1.70850002765656,1.81657004356384,1.74953997135162,1.95884001255035,2.14805006980896,1.91190004348755,1.94880998134613,2.03448009490967,2.07692003250122,1.99863004684448,2.00814008712769,2.06154990196228,1.80425000190735,1.76417994499207,,,,1.65455996990204,1.65785002708435,1.98571002483368,1.84192001819611,1.85338997840881,,1.84432995319366,1.88803994655609,,,,,,,,2.70073485374451,3.63178825378418,3.75152206420898,3.75464248657227,3.52196502685547,3.94409418106079,3.71047639846802,3.58033418655396,3.81382989883423,3.76111555099487,3.66745042800903,3.54249453544617,3.54105472564697,3.57295632362366,3.29784345626831,,
687,China,CHN,General government final consumption expenditure (% of GDP),NE.CON.GOVT.ZS,12.4408420719679,14.2984236306094,12.6888525727069,13.5349353440679,12.6844889108103,11.787321839677,12.0892106157675,10.9060491806933,11.1267478412935,11.7392198756498,10.9617831337457,11.8443026252595,12.0098651661182,11.4792406175169,12.0489331470807,11.7039685441684,12.6718289433179,12.5392949261538,12.8990685920316,13.7794437266086,13.7500425366324,13.182561754987,13.2082189248271,13.9557469027439,15.0731319886377,14.2139488900038,13.8519825742135,13.1086297701779,12.4978745924025,13.1882621699166,13.6565211590165,14.0016336451408,14.440663059939,14.3527403254967,14.091236462716,13.3081123002838,13.1982274458326,13.7526369506075,14.9460106758313,16.3656909550125,16.838429854389,16.4134393502967,16.0704244133471,15.3142093191661,14.62534230524,14.7976625421188,14.820515951964,14.6267619272466,14.4856143896822,14.7529761302757,14.5870205780333,15.2388649383201,15.7560783884401,15.8840158889172,15.8170446517635,16.2178867734802,16.363755561892,16.3248622163595,16.5358083434476,16.7705109115014,17.1301334240361,15.8081381098068,,
689,China,CHN,Military expenditure (% of GDP),MS.MIL.XPND.GD.ZS,,,,,,,,,,,,,,,,,,,,,,,,,,,,,,2.44710131532583,2.45401611552735,2.31124341155315,2.44954206753443,1.92806687404062,1.69347959870483,1.68623388691537,1.65272667000964,1.63265067284541,1.65508069090551,1.87146591412577,1.83575968454189,1.98308624365796,2.05936465293746,1.99628893565843,1.93850823279804,1.87185802294835,1.8695916362794,1.75016458545192,1.71604254580499,1.89352379603523,1.73351986212832,1.65908251595704,1.70094267160117,1.7143409229625,1.73840928794394,1.77677106896806,1.7688865902507,1.71124264388853,1.67357820944542,1.68291101151296,1.75669947098837,1.61307386433133,1.59538074333145,
707,China,CHN,Public private partnerships investment in ICT (current US$),IE.PPN.ICTI.CD,,,,,,,,,,,,,,,,,,,,,,,,,,,,,,,,,,,,,,,,,,,,,,,,,,,,,,,,,,,,,,,1668990000.0,
708,China,CHN,Investment in ICT with private participation (current US$),IE.PPI.ICTI.CD,,,,,,,,,,,,,,,,,,,,,,,,,,,,,,,,,,,,,,3970000000.0,,,5653000000.0,325000000.0,1430000000.0,,,,,,,,,,,,,,,,,,,,1668990000.0,
722,China,CHN,"PPG, other private creditors (NFL, current US$)",DT.NFL.PROP.CD,,,,,,,,,,,,,,,,,,,,,,342298000.0,79744000.0,259096000.0,-13892000.0,1269076000.0,905029000.0,259295000.0,938965000.0,2234934000.0,2228641000.0,1855746000.0,5936404000.0,3250125000.0,3237424000.0,2363809000.0,4480754000.0,4074608000.0,365827000.0,87305000.0,1647635000.0,-2073213000.0,-2372110000.0,-2996424000.0,-1136315000.0,-1523367000.0,-1013449000.0,338416000.0,-1404675000.0,-52985000.0,719001000.0,-3987490000.0,-724734000.0,3817215000.0,-408368000.0,-1762500000.0,-773830000.0,-197407000.0,-974484000.0,380151000.0,-597738000.0,-610829000.0,,
728,China,CHN,"IBRD loans and IDA credits (DOD, current US$)",DT.DOD.MWBG.CD,,,,,,,,,,,,,,,,,,,,,,0.0,882488.0,70852381.9,254005377.1,929645407.6,1739146427.2,2757193814.6,3650661125.1,4625212305.0,5880987314.6,7165273756.2,8149331000.0,9874420000.0,12241028000.0,14472925000.0,15414674000.0,16276727000.0,18545271000.0,19515396000.0,20097046000.0,20410918000.0,20884540000.0,21178851000.0,21918012000.0,21071965000.0,21606874000.0,22109858000.0,22439564000.0,22460926000.0,22135458000.0,20667636000.0,19824243000.0,18958546000.0,17884480000.0,17047891000.0,16214801000.0,16356049000.0,16094925000.0,16270521000.0,16235962000.0,16584800000.0,,
796,China,CHN,"PNG, commercial banks and other creditors (NFL, current US$)",DT.NFL.PNGC.CD,,,,,,,,,,,,,,,,,,,,,,,,,,,,,,,,,,,,,,,-2820090000.0,-1065000000.0,-1901367000.0,-2369647000.0,-398217000.0,961353000.0,5481000000.0,3922855000.0,6940528000.0,13974000000.0,15880000000.0,-10269978000.0,21401959000.0,15364000000.0,7360843000.0,4624714000.0,35130151000.0,32994596000.0,6893024000.0,-3370458000.0,-9068499000.0,44007875000.0,20560988000.0,26291756000.0,,
826,China,CHN,Gross domestic savings (% of GDP),NY.GDS.TOTL.ZS,37.1068077477723,19.4271302117991,15.1462876785407,18.8370906112313,26.7943872032111,33.3395524394464,33.8471477259491,28.8163897893211,27.1451402385184,30.7895743349302,36.101426937755,36.7901554316415,35.7177637321736,36.5470274326972,36.071447374191,38.0081551603882,34.1761935421267,36.7591666123077,39.2824413118658,37.1049123533549,35.3106292952284,33.5836455799982,33.4336495283191,32.5485225843016,34.2358466654872,34.9291510461891,35.1318183751604,37.2174365590211,37.8845259613587,35.7168477281037,36.3508770326033,38.0812084508021,40.2847171303845,41.6510985293147,41.8209458664425,40.9377220038423,39.9525303330356,40.3516052609469,39.5486652687051,37.4286924093266,36.4292117224071,38.0667509867003,39.0165567529232,41.978005686222,44.7637520934191,45.6154591019433,47.4275045248069,49.0037122551437,50.2265054586843,49.9197279640623,51.0866383329627,49.8407067180523,48.8573866994375,48.2828529911974,47.4750569892421,46.0091095715803,44.9612624881253,45.1323915667233,44.9423111380859,43.9814269577342,44.6695541030835,46.0782973496328,,
827,China,CHN,Oil rents (% of GDP),NY.GDP.PETR.RT.ZS,,,,,,,,,,,0.0239932527380286,0.0326166388114579,0.110289049637007,0.335981223804028,2.77486095153925,3.13064076517083,4.11075236691182,4.32661024057366,5.55801172476075,11.6010159186869,12.2797158609943,9.41179174665108,6.06435465384148,6.54804530796784,6.22299902406109,5.60486220624911,2.8471706463358,4.78169369741204,3.18960289496402,4.15992450908559,5.54445902741075,3.02704993378969,2.96010199129732,2.81111820572631,1.9160808560853,1.62342401977579,1.84232152309017,1.44303352016986,0.634591601254742,1.08727720069319,2.03905175243341,1.32058497741337,1.24409369454799,1.28559248986066,1.63506369666261,2.23061473485701,2.2255244607283,1.75983053566581,1.9902860340032,0.899050539990343,1.22257362123247,1.54520918045373,1.28348679227813,1.07614082250695,0.888100390466572,0.335243616051991,0.245866848453772,0.313804041024999,0.413038667779282,0.298457754882779,0.114304451775114,0.308578757061099,,
828,China,CHN,GDP per capita growth (annual %),NY.GDP.PCAP.KD.ZG,,-26.527643606404,-6.35150486433841,7.62225446101341,15.4689954188308,14.1978890116067,7.60840392828521,-8.16149758528742,-6.57145161433968,13.7793403435262,16.0503992929185,4.15917620131417,1.29010597099864,5.3272930139383,0.21800566735925,6.81644050627797,-3.08132198492802,6.11400167604759,9.84615684801975,6.16566370932294,6.49011265514277,3.77490366463344,7.4234102319374,9.18113704957753,13.6900198409219,11.8965617103967,7.34143347128678,9.88116379585462,9.44617135687768,2.62085917492101,2.40655857199583,7.78209199050757,12.8332095807123,12.5819966439285,11.7663891456246,9.75495489020201,8.77642981052642,8.12449757701776,6.8160645646963,6.73348565843446,7.63859767603294,7.55165483155264,8.40487997514565,9.35477664390774,9.4615587704991,10.7413751264029,12.0933046939024,13.6358205006408,9.09028010153618,8.85594767555551,10.1028326227139,8.95381604183163,7.13452377748027,7.05073413381821,6.75076031594273,6.42073647723056,6.23821544775225,6.30186310052261,6.25170055569883,5.57531686303849,1.99555804186929,8.35072971470412,3.00429676323482,
829,China,CHN,Natural gas rents (% of GDP),NY.GDP.NGAS.RT.ZS,,,,,,,,,,,0.0,0.0054312942933849,0.0092033528827298,0.0146021265650113,0.0854365348821421,0.156379185078558,0.199514391006454,0.197542971292289,0.298356152647044,0.372525341825161,0.322729870295346,0.117879993566964,0.0321590932387949,0.0652670367121731,0.0757826807799267,0.0848619176159509,0.143334745481363,0.141300446141658,0.102787699332707,0.105879097731663,0.137794047610542,0.1124132027329,0.110443553541784,0.131100101339435,0.123497618029488,0.100748559616033,0.11848025821498,0.123887552681035,0.0857852995104412,0.0962944519710737,0.14650852993033,0.134243959482196,0.114450402325318,0.134315827720248,0.156262243265364,0.164824325904146,0.142534786756028,0.125539522363848,0.117610932160963,0.11303728959797,0.114498931303681,0.111272165477375,0.101496660091287,0.0941454766793496,0.125698597465449,0.134795850990954,0.104843531709252,0.106612708521095,0.153295372359551,0.160723457303557,0.135539849767672,0.210524604380993,,
830,China,CHN,GDP growth (annual %),NY.GDP.MKTP.KD.ZG,,-27.2700000039227,-5.57999999020275,10.2999999964787,18.1799999937238,16.9500000039607,10.6499999984073,-5.77000000405035,-4.09999998651148,16.9399999960691,19.2999999967145,7.05999999854134,3.81000000021395,7.76000000082682,2.31000000295589,8.71999999750163,-1.5700000016835,7.57000000137049,11.3259779879134,7.5913246800003,7.83414501593799,5.11276109058912,9.01711391382203,10.7702025065715,15.1915400236134,13.4306775204064,8.94996176438008,11.6574277931357,11.222594982521,4.20633435547815,3.92025136776569,9.26278608406234,14.2245295931824,13.8837293021031,13.0368066319673,10.9539543428699,9.92255675231162,9.23677989162672,7.84595178761953,7.66165150053656,8.49009340575191,8.3357334781433,9.13363078993316,10.038030481108,10.1136213780461,11.3945918097286,12.7209556651735,14.2308609330803,9.65067891955702,9.39872563237978,10.6358710646812,9.55083217886229,7.86373644866194,7.766150097539,7.42576365645755,7.04132887865481,6.84876220503246,6.94720079327288,6.74977383247717,5.95050075376979,2.23863835629443,8.44747829343031,2.9908045977096,
831,China,CHN,GDP (current US$),NY.GDP.MKTP.CD,59716251765.1756,50056688014.5744,47209188355.5452,50706616610.0732,59708127657.7318,70436011537.1841,76720008644.9133,72881367877.7484,70846278963.0928,79705618130.486,92602638697.4156,99800597892.565,113689285303.377,138543203562.724,144188964286.502,163429496442.805,153939238114.518,174935897086.309,149540752829.268,178280594413.043,191149211575.0,195866382432.54,205089699858.779,230686747153.257,259946510957.143,309488028132.653,300758100107.246,272972974764.574,312353631207.819,347768051311.741,360857912565.966,383373318083.624,426915712715.856,444731282435.515,564321876346.387,734484863889.36,863749314718.538,961602019650.615,1029060706187.88,1094010482677.39,1211331627479.0,1339400843164.88,1470557565965.51,1660280610709.71,1955346808095.44,2285961242869.55,2752118542130.4,3550327569655.47,4594336785737.67,5101691085625.95,6087191720866.69,7551545321799.88,8532185615746.62,9570470577244.86,10475624783235.6,11061573199439.7,11233314018690.1,12310491176727.3,13894907485398.9,14279968485748.0,14687743556969.6,17820459342451.2,17963170521079.8,
833,China,CHN,Discrepancy in expenditure estimate of GDP (current LCU),NY.GDP.DISC.CN,-3462669690.0,-4632873370.0,-2016898450.0,-5080993420.0,2266762530.0,10036901300.0,5917788020.0,8348098760.0,3184040050.0,10083167300.0,7297876930.0,6134953080.0,9517820290.0,8567525390.0,9442075710.0,9474721040.0,2308395470.0,8670671620.0,8155171530.0,6433204410.0,5996245850.0,3143740610.0,-1296292470.00006,-1330537920.0,-1162899540.0,-912061650.0,-1411830859.99976,-2342510350.0,-3006645720.0,-7074996850.0,-9638444460.0,845913500.0,5420892199.99988,9724964600.0,22712631000.0,28947865800.0,27214796699.9995,29920886300.0,40475320100.001,46929711900.0,48114779600.0,47474034200.0,39074408800.0,27532508800.0,48455574000.0,-34188080800.0,-16238748400.0,-41786387100.0,116449565800.0,86659158199.9941,361385665100.0,383087455800.0,-45995254400.0,-338125209700.0,-298485616000.0,-323548104699.992,41455129100.0,305318457600.0,450827411900.0,-196876157900.0,-1130231529700.0,404580071300.0,,
834,China,CHN,"Inflation, GDP deflator (annual %)",NY.GDP.DEFL.KD.ZG,,15.2539937422838,-0.114964918333015,-2.62161065089673,-0.362038483146918,0.869780803467151,-1.56207082781854,0.813497276303337,1.36357574817252,-3.79252871733401,-2.614570450125,0.665937402342976,0.0741856162123042,0.208465019328941,0.277735670864203,-1.1311751535885,-0.106286227874833,1.09377177567134,1.67514249837733,3.60005477154213,3.75177705666647,2.35787142116841,-0.140355089607795,1.15679526219313,4.94416271274973,10.2093990441341,4.66902079732994,5.08251646765456,12.1076614989562,8.60246513372095,5.71122416868448,6.71453695956717,8.19032302098248,15.1858645086164,20.6169888126724,13.6656963992033,6.50673063592318,1.6165687422919,-0.900251629238966,-1.26305893887778,2.06279261368114,2.04704945731334,0.602099078003945,2.60317771895693,6.9519926804569,3.90374426923287,3.92654939664587,7.74968649314771,7.79534603682124,-0.209533360982732,6.88138025315708,8.07568446695551,2.33121757577324,2.16337002683569,1.03106368767851,-0.0029440935731486,1.4073460272495,4.23268197526643,3.4997476356901,1.28670040757089,0.492493696910714,4.55328427986601,2.24726068377406,
845,China,CHN,"Industry (including construction), value added (% of GDP)",NV.IND.TOTL.ZS,44.3915379906129,31.9321593767751,31.3113061435209,33.0689738043739,35.3289339410844,35.0922722029988,37.8779054376026,33.8869691227288,31.1106014563385,35.4194271735807,40.2728429179278,41.918678008873,42.7675912866322,42.8234525796386,42.4302436609258,45.3594341174535,45.0378103459814,46.7015384615385,47.7101208278956,46.9541240200304,48.0576859942336,45.9703513367199,44.620605869376,44.2286236259049,42.9309888722669,42.7123222973135,43.5144291225346,43.3183429551554,43.5245422805356,42.4960168010639,41.0329187714114,41.4873957334357,43.1153329105596,46.1765354656363,46.1630611510582,46.7505423777989,47.1042431827224,47.0990459934673,45.7976362166401,45.3598634425003,45.5361031777126,44.7934123391013,44.4505675337902,45.622784849177,45.9002116666747,47.0225784802473,47.5573975653221,46.8841692340036,46.9711723611155,45.9571472862473,46.4978311381926,46.5292894700168,45.4229807420935,44.1767045363398,43.0855681093574,40.8413399694664,39.5806215022693,39.8516984491913,39.6870118233885,38.5874054560514,37.842821803196,39.2907729215123,39.9241138211705,
861,China,CHN,Market capitalization of listed domestic companies (% of GDP),CM.MKT.LCAP.GD.ZS,,,,,,,,,,,,,,,,,,,,,,,,,,,,,,,,,,,,,,,,,,,,30.897112614037,22.8972302072639,17.5791366215622,41.620840543929,126.153613775831,38.7168839150393,70.0385891663919,66.1691053066835,45.1842390477336,43.3344538728305,41.2638381584877,57.3230503598208,74.022195327648,65.1698899150232,70.7629540929156,45.5194089391839,59.632515215274,83.1609399539387,,,
871,China,CHN,Current account balance (% of GDP),BN.CAB.XOKA.GD.ZS,,,,,,,,,,,,,,,,,,,,,,,2.76659432624214,1.83799028436738,0.7809298892012,-3.68899568389975,-2.33875662783206,0.109900989377698,-1.21721011703892,-1.24134462142706,3.3245772317122,3.46189976557133,1.49935919652139,-2.6103403242571,1.22412408406436,0.220343546826826,0.838553487288174,3.84389791666931,3.0583229746073,1.9300546324131,1.69386991427793,1.29916298685336,2.40874609736141,2.5930305144581,3.52576639617769,5.79093342808495,8.42416623830982,9.94788988644193,9.15406370401769,4.7681555750209,3.90673401648824,1.80223723460501,2.5244615760811,1.54855446953939,2.2532935529667,2.64901123694042,1.70329998452501,1.53264498883561,0.173667289327805,0.720658985424908,1.69417203514534,1.98022816277244,2.23710736450684,
872,China,CHN,"Foreign direct investment, net outflows (% of GDP)",BM.KLT.DINV.WD.GD.ZS,,,,,,,,,,,,,,,,,,,,,,,0.0214540272038516,0.0403144095391902,0.0515490665778132,0.203238879317942,0.149621905391587,0.23628712716205,0.272127459096023,0.224287422912464,0.23000742705019,0.238149072179523,0.936953098904162,0.989361480466125,0.354407667650364,0.272299688983281,0.244746938026674,0.391534119423747,0.439915737990826,0.368917854436149,0.380738015534063,0.723905770963175,0.427324292775789,0.509316537759761,0.407733384211115,0.600603634278116,0.869591847196102,0.48318920902426,1.23504826215274,0.860302687155252,0.952058059346052,0.641201754028628,0.761392091659451,0.762458638729934,1.17539103255022,1.57654502409706,1.92663055972162,1.12337327420028,1.02934529671505,0.958755617259534,1.04659240367229,1.00332845830161,0.833329091328369,
875,China,CHN,Trade in services (% of GDP),BG.GSR.NFSV.GD.ZS,,,,,,,,,,,,,,,,,,,,,,,2.21171516810616,1.93899305235266,2.18044857733616,1.80265454326677,2.02920553023302,2.53578216157475,2.708788742837,2.44789593750488,2.82853711795335,2.89535016559989,4.37627368670662,5.22315405221537,5.83337300569116,6.03867039071907,4.99983030540205,8.9255220190973,8.70531733077803,8.97587377405018,9.49173070295265,9.67342977729112,10.1273828871626,6.81964073762959,7.77560579133511,7.10595660543084,7.08214992319763,7.47676453211008,7.01433643129896,5.92927515105691,6.10692762022406,5.94435979114141,5.65946519751936,5.617418048297,6.22420038589113,5.90438962001466,5.78594678694731,5.56483587621993,5.46460610913963,5.25118344792341,4.15514539989349,4.37698074344835,4.62172465284772,
883,China,CHN,Gross capital formation (% of GDP),NE.GDI.TOTL.ZS,39.5846457791987,22.8052632719305,15.7373205902599,21.7618630377313,24.3474435131642,27.1014317358708,30.4544500926563,23.8625949169546,24.935381595092,25.0087327795332,32.8694767118481,33.6378280760308,31.2483152562294,32.9560233727596,33.206194444248,35.0357185622635,33.2197606069732,33.87895996,37.6038137258898,36.2969031242718,34.605193076202,32.9487495627914,31.9801024242069,31.9258628866708,34.3784061504283,39.064106893606,37.7270016851388,37.3208797769409,39.0783093902467,37.2086867816609,34.157848854484,35.2363600512445,39.0718680056364,43.2831497569643,40.0502854739137,38.8377197998557,37.5417204673365,35.5229456528019,34.8136823326466,34.1097089114429,33.5730284937681,35.5415967198136,36.1534434433744,39.6201305878555,41.8471972608319,40.3461495465791,39.9103386970019,40.4821901688549,42.2690268131211,45.3562358300454,46.5561547048834,46.6601210962037,46.2252655950979,46.3989493360759,45.8239527573535,43.2348066562247,42.6313769323417,43.0132973858151,43.7934751722352,43.2511056433479,43.3666743293734,43.1402982718969,,
914,China,CHN,Public private partnerships investment in water and sanitation (current US$),IE.PPN.WATR.CD,,,,,,,,,,,,,,,,,,,,,,,,,,,,,,,,,,,30800000.0,150000000.0,149300000.0,211400000.0,272000000.0,119200000.0,72400000.0,242260000.0,916210000.0,618720000.0,603380000.0,1007319000.0,604261030.0,1822808170.0,683556780.0,506710000.0,123700000.0,368140000.0,273960000.0,169340000.0,308870000.0,774050000.0,950170000.0,1426080000.0,1627080000.0,3326340000.0,2312270000.0,3654630000.0,937080000.0,
915,China,CHN,Investment in water and sanitation with private participation (current US$),IE.PPI.WATR.CD,,,,,,,,,,,,,,,,,,,,,,,,,,,,,,,,,,,30800000.0,150000000.0,149300000.0,211400000.0,272000000.0,203200000.0,72400000.0,242260000.0,917650000.0,662200000.0,603380000.0,1007319000.0,604261030.0,1901875470.0,973613580.0,512430000.0,639700000.0,591630000.0,273960000.0,169340000.0,352820000.0,774050000.0,950170000.0,1426080000.0,1627080000.0,3326340000.0,2312270000.0,3654630000.0,937080000.0,
938,China,CHN,"PPG, official creditors (NFL, US$)",DT.NFL.OFFT.CD,,,,,,,,,,,,,,,,,,,,,,506326996.7,657312684.7,622629368.7,830918918.3,1116723546.1,1165422471.3,626417806.6,1355437587.7,2276677167.3,1726669652.1,2043611889.0,2393910936.5,4668790765.0,3153668262.6,7911530543.3,4403282380.8,4315012267.4,2287597169.6,3420032087.0,1519270076.2,2155384827.1,-1197117947.5,-2810780957.9,953532365.1,1950107628.7,1663919957.5,1289235860.9,1940351261.1,1367452013.4,-2275557894.1,1456533115.0,-23503664.9,-3619867223.8,-165990814.4,-3891078904.0,-3811850489.8,-3651236612.6,-1699995590.1,-696205426.7,-1007539663.0,-544308069.7,,
945,China,CHN,"Use of IMF credit (DOD, current US$)",DT.DOD.DIMF.CD,,,,,,,,,,,0.0,0.0,0.0,0.0,0.0,0.0,0.0,0.0,0.0,0.0,0.0,884059046.9,837842329.0,324059292.7,303401460.7,339990647.3,1071881716.8,1155346773.4,1012623101.6,907536555.3,469216030.6,0.0,,,,,,,,325010365.9,308529088.0,297593664.0,321934336.0,351877696.0,367752768.0,338451136.0,356241920.0,374203200.0,364735936.0,10957633395.1,10764299164.7,10731028342.6,10742560523.9,10764083662.0,10126666125.8,9685796677.3,9396432681.2,9954225477.5,9721171324.7,9665491725.9,10066998408.5,50673914230.1,,
1172,China,CHN,Exports of goods and services (% of GDP),NE.EXP.GNFS.ZS,4.30582953540576,3.87081067921772,4.05265875064533,4.00544740847553,3.76896387509354,3.63898500576701,3.4944670937682,3.27722661910601,3.3025629264377,3.04759963306493,2.49155590647892,2.78806626236314,3.24792352295878,4.24134678180103,4.92980160554514,4.70472117124527,4.51047313123201,4.29846153846154,4.55595414706769,5.16284335734386,5.91161214157888,7.44757798971743,7.95978953352709,7.20471973655622,7.89354531549557,8.32744409232092,8.71924863992301,10.4169849534329,11.0149045926492,9.02734505345022,12.4516026163156,13.4363711704179,13.5555444642731,11.9978832868444,18.5367485694403,17.9525228280891,17.9232955527011,19.4931644597645,18.3421000329185,18.1624767574199,20.893697201735,20.3121457444929,22.6447456738957,26.9807565345137,31.0613375828803,33.8298575659931,36.0350255523532,35.4347985287157,32.6027140173081,24.7498559389238,27.1853327204051,26.5681893451605,25.4925222245396,24.599254436897,23.5100609074235,21.3540798828848,19.5843800536482,19.6922769882201,19.1121035364139,18.4099923154801,18.5861392390439,19.9439734595214,20.6770025053561,
1175,China,CHN,Final consumption expenditure (% of GDP),NE.CON.TOTL.ZS,62.8931922522277,80.5728697882009,84.8537123214593,81.1629093887687,73.2056127967889,66.6604475605536,66.1528522740509,71.1836102106789,72.8548597614816,69.2104256650698,63.898573062245,63.2098445683585,64.2822362678264,63.4529725673028,63.928552625809,61.9918448396118,65.8238064578732,63.2408333876923,60.7175586881342,62.8950876466451,64.6893707047716,66.4163544200018,66.5663504716809,67.4514774156984,65.7641533345128,65.0708489538109,64.8681816248396,62.7825634409789,62.1154740386413,64.2831522718963,63.6491229673967,61.9187915491979,59.7152828696155,58.3489014706853,58.1790541335575,59.0622779961577,60.0474696669644,59.6483947390531,60.4513347312949,62.5713075906734,63.5707882775929,61.9332490132997,60.9834432470768,58.021994313778,55.2362479065809,54.3845408980567,52.5724954751931,50.9962877448563,49.7734945413157,50.0802720359376,48.9133616670373,50.1592932819477,51.1426133005625,51.7171470088026,52.5249430107579,53.9908904284197,55.0387375118747,54.8676084332767,55.0576888619141,56.0185730422658,55.3304458969165,53.9217026503672,,
1199,China,CHN,Public private partnerships investment in transport (current US$),IE.PPN.TRAN.CD,,,,,,,,,,,,,,,,,,,,,,,,,,,,,,,173000000.0,2378800000.0,532600000.0,1172000000.0,2086100000.0,309300000.0,3752120000.0,1758040000.0,1019600000.0,145400000.0,331200000.0,231030000.0,1689210000.0,4054650000.0,782580000.0,6628900000.0,3702050000.0,4494380000.0,362930000.0,2512870000.0,,1095370000.0,1879400000.0,4367090000.0,5009410000.0,2913740000.0,3469630000.0,12587440000.0,25964800000.0,22515500000.0,2788890000.0,6504820000.0,28433590000.0,
1200,China,CHN,Investment in transport with private participation (current US$),IE.PPI.TRAN.CD,,,,,,,,,,,,,,,,,,,,,,,,,,,,,,,173000000.0,2378800000.0,532600000.0,1172000000.0,2086100000.0,309300000.0,5084420000.0,3092740000.0,1670500000.0,695550000.0,1558500000.0,642230000.0,1787110000.0,4054650000.0,782580000.0,6628900000.0,8351010000.0,4494380000.0,436750000.0,2512870000.0,,1095370000.0,1879400000.0,4475760000.0,5009410000.0,2913740000.0,3469630000.0,12587440000.0,25964800000.0,22515500000.0,2788890000.0,6504820000.0,28433590000.0,
1224,China,CHN,"PPG, private creditors (NFL, US$)",DT.NFL.PRVT.CD,,,,,,,,,,,,,,,,,,,,,,89820000.0,-120509000.0,363886000.0,245598000.0,2863510000.0,3689745000.0,5461928000.0,5424993000.0,3801065000.0,4619780000.0,2492774000.0,8751335000.0,7885352000.0,6690731000.0,4468927000.0,6324732000.0,6823283000.0,209418000.0,-1914695000.0,168071000.0,-2721690000.0,-4061635000.0,-2794158000.0,1646242000.0,2360240000.0,-1145666000.0,1333985000.0,-2384386000.0,-707248000.0,2718001000.0,24975998000.0,24819762000.0,20675577000.0,28820372000.0,-1679813000.0,7976749000.0,39224797000.0,66140148000.0,59557717000.0,71472946000.0,89977582000.0,,
1225,China,CHN,"Commercial banks and other lending (PPG + PNG) (NFL, current US$)",DT.NFL.PCBO.CD,,,,,,,,,,,,,,,,,,,,,,106519000.0,-144089000.0,359428000.0,161298000.0,1892092000.0,2356755000.0,4397640000.0,4654316000.0,3384451000.0,4667616000.0,2468905000.0,8952102000.0,5979429000.0,3814393000.0,4696140000.0,5263514000.0,4804615000.0,-3935672000.0,-1725694000.0,-2138296000.0,-5651338000.0,-3395153000.0,-2932125000.0,4148865000.0,2625096000.0,5794863000.0,13851610000.0,14238099000.0,-10477226000.0,24119960000.0,28416365000.0,15942605000.0,18895291000.0,45056776000.0,19772777000.0,12345786000.0,3768480000.0,-5419975000.0,52980687000.0,19255794000.0,46004342000.0,,
1229,China,CHN,"Portfolio investment, bonds (PPG + PNG) (NFL, current US$)",DT.NFL.BOND.CD,,,,,,,,,,,,,,,,,,,,,,-16700000.0,23580000.0,4458000.0,84300000.0,971418000.0,1332990000.0,1064288000.0,770677000.0,416614000.0,-47835000.0,23869000.0,-3192000.0,2237923000.0,2876338000.0,316676000.0,1190004000.0,3329739000.0,1587000000.0,-1254000000.0,261367000.0,1035647000.0,-1054483000.0,1164320000.0,3689595000.0,4910145000.0,1705472000.0,2196374000.0,-1092486000.0,-38801000.0,-1459326000.0,25029333000.0,35631256000.0,28480896000.0,53880131000.0,8775622000.0,22273277000.0,82188602000.0,94184976000.0,105319115000.0,161723855000.0,88951495000.0,,
1298,China,CHN,"PPP conversion factor, GDP (LCU per international $)",PA.NUS.PPP,,,,,,,,,,,,,,,,,,,,,,,,,,,,,,,1.6940129431413,1.74862378148055,1.84968896486026,2.08124758927271,2.45785260463311,2.73635659808179,2.86200162106265,2.85896692378352,2.80169502251632,2.72786598212133,2.72245762481289,2.71697551489684,2.69138826845576,2.70800472542878,2.82054994615733,2.84155096404273,2.86473217912075,3.00551509782116,3.17883742853148,3.15197397724752,3.3288672443397,3.5244677066803,3.56096792221069,3.66364479064941,3.75884985923767,3.87069725990295,3.98883724212646,4.18381118774414,4.2285765626676,4.20750594211136,4.17376369736292,4.1761799357678,3.99048510774263,
1308,China,CHN,"GDP per capita, PPP (current international $)",NY.GDP.PCAP.PP.CD,,,,,,,,,,,,,,,,,,,,,,,,,,,,,,,981.419207412383,1093.56622896778,1262.02548338516,1454.49159197342,1660.34687959376,1860.52506263619,2060.86809984499,2266.72883818974,2448.48229055564,2650.17868564885,2917.24252974442,3208.22995656918,3532.08165145822,3938.73027446337,4427.13100315158,5056.40472408493,5842.77863595453,6818.923409237,7581.45351258344,8305.76018512426,9254.77960342973,10292.9404780675,11168.6972979775,11872.4973811617,12480.3385303781,12897.5022868592,13483.3772665319,14243.5326108491,15497.8257403033,16655.3993635093,17209.4429539743,19484.3080865205,21475.610527214,
1309,China,CHN,GDP per capita (current LCU),NY.GDP.PCAP.CN,220.3816690902,186.618811806218,174.564789642069,182.945327441799,210.48034309198,242.454749470417,256.826217024748,237.784109734279,225.187537927206,246.499795860683,278.584652609325,292.103839591965,296.091783348607,312.515590629748,314.066751818737,331.680116107137,321.118316079017,344.478538987021,384.735115759309,423.161250096749,467.531333248406,496.620115737736,532.737489099075,588.377334405019,701.999113331565,865.709014604582,972.652017144893,1123.08132804753,1377.99319886895,1535.7566472802,1662.53684000405,1912.23591459706,2334.35460998996,3027.1571194121,4080.88790260397,5091.06003104108,5898.20784255267,6480.50277357072,6859.90064616908,7229.33228312452,7942.06916853114,8716.68223815701,9506.20311996251,10666.1001954362,12486.9441125706,14368.0317183137,16737.9959738982,20494.3772573479,24100.2081884717,26179.5399647702,30807.9326754404,36277.1363217314,39771.3728109793,43496.6131824917,46911.7187281501,49922.3267613381,53782.9973903833,59592.251090269,65533.742697753,70077.6917902035,71828.1482531358,81369.9764932454,85698.1039885283,
1310,China,CHN,"GDP, PPP (current international $)",NY.GDP.MKTP.PP.CD,,,,,,,,,,,,,,,,,,,,,,,,,,,,,,,1114092362966.43,1258454144971.54,1470221827379.2,1714031071645.16,1978859523240.62,2241662924342.53,2509209954966.27,2788246475636.25,3040855853521.21,3319971595766.32,3683441693969.14,4080387270262.51,4522477346527.11,5074660085618.61,5737893814909.69,6592135966884.01,7659999647309.11,8986556877182.31,10042810302711.2,11057126304048.5,12380164949406.0,13844365195917.5,15124538193948.2,16185063329894.8,17121277216284.5,17796747505545.6,18712096136720.3,19887033884256.7,21739730035467.9,23446555176983.5,24284244952353.1,27518857369078.1,30327320296268.4,
1311,China,CHN,GDP: linked series (current LCU),NY.GDP.MKTP.CN.AD,,,,,,,,,,,,,,,,,,,,,,,,,,,,,,,1887286882720.0,2200562845800.0,2719453090000.0,3567323035800.0,4863745033400.0,6133989133700.0,7181362958700.0,7971504449200.0,8519550709000.0,9056437577700.0,10028013925300.0,11086312304600.0,12171742474800.0,13742203491800.0,16184016090700.0,18731890311800.0,21943847481700.0,27009232371800.0,31924461277900.0,34851774373500.0,41211925579600.0,48794018052500.0,53857995346900.0,59296322954900.0,64356310454400.0,68885821804900.0,74639505948400.4,83203594856000.0,91928112906700.3,98651520229199.8,101356700000000.0,114923700000000.0,121020720000000.0,
1312,China,CHN,Forest rents (% of GDP),NY.GDP.FRST.RT.ZS,,,,,,,,,,,0.626111743241725,0.518878176238872,0.594565234253629,1.19276631329841,1.10998528129084,1.13009658474739,1.46097550713814,1.57352559456317,1.73764807175116,2.07580717721684,2.18419198263213,1.45195653850677,1.46374240288752,1.20561328231074,0.828553538987272,0.798553972451932,1.00700377219943,1.11437578068756,0.967324648776293,0.920649328313558,0.874344087262402,0.851311240630354,0.879295497667318,0.840486804945048,0.731759807335262,0.769146303142478,0.676546953026173,0.505691581859289,0.406925471070931,0.253557625273027,0.222728103385288,0.210789669455107,0.20640257959759,0.240689050804823,0.188707218726145,0.143362505187732,0.138537980548949,0.182953176504025,0.225378563420553,0.199418441148153,0.188631846924808,0.164685773754062,0.141421178461122,0.126224407607297,0.142383969781314,0.0967515179176365,0.103468084376343,0.120213781350851,0.0973259924176176,0.0873021038880976,0.0860228439754596,0.0708433815950244,,
1314,China,CHN,GDP deflator (base year varies by country),NY.GDP.DEFL.ZS,14.855581385778,17.1216508407444,17.1019669488381,16.6536199617945,16.5933274486958,16.737653025501,16.4761990303282,16.6102324606782,16.8367255622271,16.1981879102209,15.7746748756646,15.8797243357596,15.8915048071109,15.9246330356787,15.968861422073,15.7882256293555,15.7714449198857,15.943948533035,16.2110323908313,16.7946384359336,17.4247358275231,17.8355886938143,17.8105555373211,18.0165871999471,18.9073565863969,20.8376840689995,21.810599871863,22.9191272020447,25.6940975421835,27.9044233246741,29.4981074937249,31.4787688237639,34.0569816734585,39.2288287661142,47.3166320041664,53.782779280184,57.2822798564587,58.2082872874904,57.6842662328326,56.9556799518528,58.1305575109715,59.3205187730331,59.6776870696326,61.2312033226182,65.4879920957623,68.0444758342363,70.7162757895563,76.1965654628766,82.1363514088809,81.9642483511853,87.6045199518724,94.6791845619767,96.8863623530842,98.9823728763223,100.002944180253,100.0,101.40734602725,105.699596484141,109.398815613029,110.806450619399,111.35216540447,116.422346047122,119.038659656967,
1327,China,CHN,"Manufacturing, value added (% of GDP)",NV.IND.MANF.ZS,,,,,,,,,,,,,,,,,,,,,,,,,,,,,,,,,,,,,,,,,,,,,31.9750699702633,32.0939243286777,32.4523280565943,32.3833531164407,32.1194116033475,31.596238091031,31.6128216820061,32.0647911864237,31.528577865974,30.6710080721744,30.3964442055154,28.9516705787219,28.0694422377123,28.10893687151,27.8410111544177,26.774721705892,26.2851691106755,27.547059483814,27.6989758447975,
1331,China,CHN,Trade (% of GDP),NE.TRD.GNFS.ZS,8.73409972110741,7.36022072547269,6.96093615556703,6.86533685812705,6.63310429280904,6.82814302191465,6.72949647905967,6.25348344666146,6.22097356802936,5.45306288859444,4.95240601833575,4.92083519882779,5.75536749725748,8.00014512734925,10.3334865791986,9.55420299391347,8.83691360503246,8.38461538461539,9.65014154062668,11.0865781306023,12.4248485276547,14.8971819799761,14.2247872204408,13.5657941098684,15.7698782987393,20.6896058894423,19.897615647239,20.7450034049856,23.0255314037809,19.1347070877387,22.1994733269413,24.0663347202642,26.0975773919307,25.9004301917053,35.7698149872759,34.2769690648564,33.8147454677544,34.5330173588031,32.4243046253814,33.5241617617493,39.4110148523928,38.5273592755252,42.7474036340511,51.8039880005265,59.5055242248184,62.2078928657802,64.4788839040175,62.1933634764775,57.6127153432419,45.1848703785767,50.7170776627003,50.7409045864209,48.2675223674033,46.7443755773553,44.9052159543496,39.4641693353018,36.8944150170789,37.6324132404263,37.5657841021374,35.8900960342425,34.7542957761056,37.301990171392,38.1438194331516,
1336,China,CHN,Gross fixed capital formation (% of GDP),NE.GDI.FTOT.ZS,32.6463422624311,18.991256942303,15.4791894596455,17.7564156292558,20.2655331791278,20.6423775259516,21.8241753004712,18.1776099654442,17.3670082220056,20.9826396187952,24.1402579549941,24.8462614677032,24.6270960115969,24.2846642551339,26.5576815185486,29.0478916170423,29.037200210801,28.1251138061538,29.3400305474377,28.3514408388555,28.5606132573974,27.2577140423572,28.2394193326262,28.1772688797515,29.321047033346,30.4312407901785,30.9595619449795,30.558436985113,31.0528220163255,25.6060676575195,23.9887536439349,25.7037988521691,30.3473196443333,37.092232988742,34.4406164199981,32.3409688061085,31.6420047387682,31.0030962028507,32.8825945837797,32.5371258866265,32.5774175907147,33.4535263710832,35.058366051818,38.2576853285365,39.5296637271404,39.4258155678381,38.7254881040655,37.8924683375514,39.0611780864491,43.8115710189208,43.9293047684275,43.8613614635564,44.2498319889133,44.5187655502314,43.8560937014846,42.0943282754556,41.5523649219235,41.861185297919,42.843031136158,42.8225843509057,42.4860786410765,41.9512532034733,,
1352,China,CHN,Gross savings (% of GDP),NY.GNS.ICTR.ZS,,,,,,,,,,,,,,,,,,,,,,,33.8030466362036,33.1500200520374,34.8963146845066,35.2791019075981,35.250179720443,37.2337647001473,37.979192978052,35.876590985154,36.6941897562451,38.5011697355996,40.6055526260245,41.7072346173534,41.6967268877506,39.5300997255607,38.7591241882985,39.7422421604653,38.3470849602092,36.557909454954,35.7395535422175,37.2692973972263,38.8832209464179,42.4135043011142,45.6723673114932,45.9547842695524,48.2605054670121,50.2752262841316,51.7875873840542,50.3730420872496,51.3267135794652,49.2333282665294,48.6653634051546,47.3783915380573,47.6158184134019,45.4175894373787,44.3806614392065,44.9050475021984,44.485747985504,43.7730279590938,43.9264167497856,45.25978880558,,
1358,China,CHN,Total natural resources rents (% of GDP),NY.GDP.TOTL.RT.ZS,,,,,,,,,,,0.840416943708215,0.773897108383394,0.895123275339724,1.79558411793063,5.00070904496983,7.33042405539159,9.22371412496225,9.60235224195703,11.2104687263013,17.0999242275286,19.741557918563,19.467446076565,16.7508523318146,12.6162173602657,10.3999047481946,9.78977585019452,5.75920686839352,6.49280601379339,6.28565315693549,7.05998093097386,8.63870038140403,6.08171887067132,5.33846886521972,4.4490741652727,3.28088501510221,3.26699888521005,3.00480163840847,2.39155664717565,1.71539063096113,1.84532736658367,2.6977401923859,2.59237672666031,1.95629636692387,2.01790669504299,4.72487591845752,5.10277288536313,5.52119781017524,6.32787936346715,9.6484135442271,3.91782120825988,6.2867264165298,7.68520289897261,4.0884931932087,2.98307168349706,2.31013480472694,1.17476659078236,1.0524740832802,1.31423766724865,1.42518421392494,1.26691367576973,0.863774740928771,1.70756488252672,,
1359,China,CHN,GDP per capita (constant LCU),NY.GDP.PCAP.KN,1483.49407113197,1089.95805101994,1020.72931239016,1098.5318979387,1268.46374690523,1448.5588218433,1558.77102814795,1431.55196832549,1337.47822339285,1521.7738998147,1766.02468707038,1839.47676556435,1863.20796515202,1962.46651291471,1966.74480113289,2100.80679041243,2036.07416891859,2160.55977773185,2373.29188224255,2519.62107854229,2683.14732502241,2784.43355172219,2991.13347690223,3265.75354075242,3712.83584843704,4154.53565635208,4459.53812760406,4900.1923945312,5363.07296493531,5503.63155479452,5636.0796717475,6074.68457646118,6854.26157952565,7716.66454142765,8624.63732043446,9465.96680048637,10296.7407326188,11133.2991839522,11892.1520445112,12692.9083969076,13662.4686027347,14694.2110730825,15929.2418770697,17419.3868757373,19067.5324024458,21115.647585141,23669.2271857027,26896.720518634,29341.7077519052,31940.1940375284,35167.0583805099,38315.8520952243,41049.5056735022,43943.7971817875,46910.337603254,49922.3267613381,53036.5890612413,56378.8822970674,59903.52119493,63243.3323136648,64505.3897175962,69892.0604643292,71991.8253746172,
1360,China,CHN,GDP per capita (current US$),NY.GDP.PCAP.CD,89.5202179159242,75.8055639067957,70.9091553472599,74.3133748233246,85.4982461036748,98.4864217470782,104.324189073855,96.58918279471,91.4723876555406,100.129541321549,113.16258249869,118.654148878636,131.885532177972,157.089148425884,160.147680664743,178.339576757627,165.404232489529,185.420499214387,156.396388520044,183.983152215978,194.804722186836,197.071474499102,203.334919503464,225.431928890812,250.713969046988,294.45884850496,281.928120911563,251.811956961329,283.537695240524,310.8819124049,317.884673040928,333.142145400184,366.460692306116,377.3898394789,473.489934719476,609.604362258828,709.415888233368,781.74259264729,828.594657681663,873.297610969115,959.360412054851,1053.11227201705,1148.51418772689,1288.63754323945,1508.66794598726,1753.41426293188,2099.21934229104,2693.95855454419,3468.32706307504,3832.2274278698,4550.47392427081,5614.38573851229,6300.58235236313,7020.38568208449,7636.07422276004,8016.44601585644,8094.39037512163,8817.04549566316,9905.4061175104,10143.8602060373,10408.7191247747,12617.5049863004,12720.2156397612,
1361,China,CHN,GDP (constant LCU),NY.GDP.MKTP.KN,989594390030.0,719731999830.0,679570954310.0,749566762580.0,885837999970.0,1035987541000.0,1146320214100.0,1080177537700.0,1035890258800.0,1211370068600.0,1445164491800.0,1547193104900.0,1606141162200.0,1730777716400.0,1770758681700.0,1925168838700.0,1894943687900.0,2038390925100.0,2269258632584.45,2441525423212.87,2632798065468.36,2767406740553.41,3016946958807.9,3341878255787.36,3849561028555.73,4366583156252.29,4757390679146.73,5311980062405.63,5908122070361.68,6156637438770.89,6397993102172.68,6990625516900.0,7985009112300.0,9093626162200.0,10279144620800.0,11405117429400.0,12536796679000.0,13694792993700.0,14769279849400.0,15900850600600.0,17250847668900.0,18688832353300.0,20395801299400.0,22443138050700.0,24712952058500.0,27528892069700.0,31030830225000.0,35446784520700.0,38867639882100.0,42520702714400.0,47043149830900.0,51536162122900.0,55588830088000.0,59905942070100.0,64354415744400.0,68885821804900.0,73603647933300.0,78717041146400.0,84030263391400.0,89030484847900.0,91023555430500.0,98712750517400.0,101665055998400.0,
1362,China,CHN,GDP (current LCU),NY.GDP.MKTP.CN,147010000000.0,123230000000.0,116220000000.0,124830000000.0,146990000000.0,173400000000.0,188870000000.0,179420000000.0,174410000000.0,196220000000.0,227970000000.0,245690000000.0,255240000000.0,275620000000.0,282770000000.0,303950000000.0,298860000000.0,325000000000.0,367870251960.0,410045367150.0,458758107780.0,493583283730.0,537335013630.0,602092410070.0,727850230680.0,909894802710.0,1037615445370.0,1217459467450.0,1518038647670.0,1717974173480.0,1887286882720.0,2200562845800.0,2719453090000.0,3567323035800.0,4863745033400.0,6133989133700.0,7181362958700.0,7971504449200.0,8519550709000.0,9056437577700.0,10028013925300.0,11086312304600.0,12171742474800.0,13742203491800.0,16184016090700.0,18731890311800.0,21943847481700.0,27009232371800.0,31924461277900.0,34851774373500.0,41211925579600.0,48794018052500.0,53857995346900.0,59296322954900.0,64356310454400.0,68885821804900.0,74639505948400.0,83203594856000.0,91928112906700.0,98651520229200.0,101356700000000.0,114923700000000.0,121020720000000.0,
1364,China,CHN,Discrepancy in expenditure estimate of GDP (constant LCU),NY.GDP.DISC.KN,,,,,,,,,,,,,,,,,,,,,,,,,,,,,,,,,,,,,,,,,,,,,,,,,,,,,,,,,,,,,,,,
1365,China,CHN,"Inflation, GDP deflator: linked series (annual %)",NY.GDP.DEFL.KD.ZG.AD,,,,,,,,,,,,,,,,,,,,,,,,,,,,,,,5.71122416868448,6.71453695956717,8.19032302098248,15.1858645086164,20.6169888126724,13.6656963992033,6.50673063592318,1.6165687422919,-0.900251629238966,-1.26305893887778,2.06279261368114,2.04704945731334,0.602099078003945,2.60317771895693,6.9519926804569,3.90374426923287,3.92654939664587,7.74968649314771,7.79534603682124,-0.209533360982732,6.88138025315708,8.07568446695551,2.33121757577324,2.16337002683569,1.03106368767851,-0.0029440935731486,1.4073460272495,4.23268197526643,3.4997476356901,1.28670040757089,0.492493696910714,4.55328427986601,2.24726068377406,
1373,China,CHN,"Services, value added (% of GDP)",NV.SRV.TOTL.ZS,32.4331678117135,32.2729854743163,29.693684391671,27.0688135864776,26.6412681134771,27.358708189158,24.9430825435485,26.3069891873816,27.2518777593028,27.061461624707,24.9287186910558,24.4454393748219,24.8119417019276,24.2507800595022,24.1432966722071,22.6879420957394,22.6059024292311,24.3107692307692,24.6044613549893,22.3425972830187,22.3083756481702,22.7140674564109,22.5936910271023,23.2032539894927,25.5293155662533,29.3533201854242,29.8470743464662,30.3607574036283,31.2377711876993,32.8924312398331,32.3827731102114,34.478536877422,35.5558057153323,34.5159961305235,34.3626561203943,33.6529380115618,33.5702712683445,35.0056772706192,37.0433290228098,38.5753480894331,39.7876551670289,41.2231263086801,42.247944754389,42.0282161856089,41.1831401664883,41.3359259167899,41.8168419068374,42.869665009396,42.8597797907776,44.4066671993256,44.1769919215134,44.2930567346312,45.463305387599,46.8804015015283,48.270940494346,50.7716451484828,52.3620909629531,52.6847365342399,53.2699679234152,54.2689042663668,54.4585358658086,53.468205426731,52.7758882941698,
1380,China,CHN,"Agriculture, forestry, and fishing, value added (% of GDP)",NV.AGR.TOTL.ZS,23.1752941976736,35.7948551489085,38.9864050937876,39.8542017143315,38.0297979454385,37.5490196078431,37.1790120188489,39.8060416898896,41.6432544005504,37.5191112017124,34.7984383910164,33.631812446579,32.4165491302304,32.9257673608592,33.4264596668671,31.952623786807,32.3596332731045,28.9907692307692,27.6854178198334,30.7032786969509,29.6339383575962,31.3155812068692,32.7857031035218,32.5681223829416,31.5396955614797,27.9343575172623,26.6384965309993,26.3208996403948,25.2376865324238,24.611551959103,26.5843081183771,24.034067384598,21.3288613741081,19.3074684038403,19.4742827285474,19.5965196106392,19.3254855475406,17.8952767359135,17.1590347605501,16.0647884669624,14.6762416552585,13.9834613522186,13.3014877126424,12.3489989652141,12.916648166837,11.6414956029627,10.6257605278405,10.2461657566004,10.1690478477936,9.63618551442703,9.32517694053669,9.17765379535199,9.11371387030751,8.94289396230057,8.64349139629661,8.38701488219603,8.0572875346436,7.46356501656873,7.04302025319625,7.1436902775818,7.6986425511091,7.24102165175677,7.29999788465975,
1382,China,CHN,External balance on goods and services (% of GDP),NE.RSB.GNFS.ZS,-0.122440650295898,0.381400632962753,1.14438134572363,1.145557958824,0.904823457378053,0.449826989619377,0.25943770847673,0.300969791550552,0.384152284846052,0.642136377535419,0.0307057946220994,0.65529732589849,0.740479548660085,0.482548436252812,-0.473883368108357,-0.144760651422931,0.184032657431573,0.212307692307692,-0.538233246491291,-0.760891415914635,-0.601624244496965,-0.0020260005412724,1.69479184661336,0.843645363244066,0.0172123322517815,-4.03471770480051,-2.45911836739299,0.0889665018802347,-0.995722218482403,-1.08001698083827,2.70373190568985,2.80640762057167,1.01351153661562,-1.90466361801638,1.30368215160479,1.62807659132192,2.03184563764779,4.45331156072586,4.25989544045567,2.80079175309038,2.37637955107717,2.09693221346057,2.5420877137403,2.15752506850097,2.61715094094225,5.45182226620602,7.59116720068887,8.67623358095396,7.59271269137434,4.31484149927079,3.65358777810987,2.39547410390015,2.71752208167593,2.45413329643866,2.11490586049739,3.24399043046772,2.27434509021745,1.75214073601397,0.65842297069049,0.929888596717713,2.41798270198221,2.58595674765083,3.2101855775606,
1383,China,CHN,Imports of goods and services (% of GDP),NE.IMP.GNFS.ZS,4.42827018570165,3.48941004625497,2.9082774049217,2.85988944965153,2.86414041771549,3.18915801614764,3.23502938529147,2.97625682755546,2.91841064159165,2.40546325552951,2.46085011185682,2.13276893646465,2.5074439742987,3.75879834554822,5.4036849736535,4.8494818226682,4.32644047380044,4.08615384615385,5.09418739355899,5.92373477325849,6.51323638607585,7.4496039902587,6.26499768691374,6.36107437331215,7.87633298324378,12.3621617971214,11.178367007316,10.3280184515527,12.0106268111316,10.1073620342885,9.74787071062572,10.6299635498463,12.5420329276575,13.9025469048608,17.2330664178356,16.3244462367672,15.8914499150533,15.0398528990386,14.0822045924629,15.3616850043295,18.5173176506578,18.2152135310323,20.1026579601554,24.8232314660127,28.4441866419381,28.3780352997871,28.4438583516643,26.7585649477618,25.0100013259338,20.435014439653,23.5317449422952,24.1727152412604,22.7750001428637,22.1451211404583,21.3951550469261,18.110089452417,17.3100349634307,17.9401362522062,18.4536805657234,17.4801037187624,16.1681565370617,17.3580167118706,17.4668169277955,
1393,China,CHN,Public credit registry coverage (% of adults),IC.CRD.PUBL.ZS,,,,,,,,,,,,,,,,,,,,,,,,,,,,,,,,,,,,,,,,,,,,,,,,,,,,,,30.2,33.2,89.5,91.1,95.3,98.1,100.0,,,,
1403,China,CHN,Tax revenue (% of GDP),GC.TAX.TOTL.GD.ZS,,,,,,,,,,,,,,,,,,,,,,,,,,,,,,,,,,,,,,,,,,,,,,8.56924385783334,9.05725398272786,9.77140606467415,10.1014265266002,10.3094417362922,10.212048608843,10.3127948892952,10.2567686829398,9.90773258312895,9.67861882699669,9.37692044713406,9.12291556057604,9.41931765253305,9.05268573156305,8.49286376989869,8.09062623388489,7.96512789790095,,
1408,China,CHN,Net lending (+) / net borrowing (-) (current LCU),GC.NLD.TOTL.CN,,,,,,,,,,,,,,,,,,,,,,,,,,,,,,,,,,,,,,,,,,,,,,,,,,,,,,,,,,,,,,,,
1413,China,CHN,Domestic credit provided by financial sector (% of GDP),FS.AST.DOMS.GD.ZS,,,,,,,,,,,,,,,,,,,,,,,,,,,,,,,,,,,,,,,,,,,,,,,,,,,,,,,,,,,,,,,,
1417,China,CHN,Monetary Sector credit to private sector (% GDP),FM.AST.PRVT.GD.ZS,,,,,,,,,,,,,,,,,,51.1784615384615,50.2894700004489,49.7408375608811,52.6268628075733,56.0128369645587,56.8044129374708,56.9862689284041,60.7212832215627,66.1922673045488,75.9741967525257,78.0370949013971,73.9836236530485,77.1332899211029,86.200461355157,88.3623934536212,86.3728816885016,96.9026344210731,85.882585771154,84.206050702349,89.4555815789448,96.7258194376823,105.193223282686,110.383524583833,111.122970939299,110.044590706126,117.49869856029,125.671432607624,118.6361030068,111.842924826452,109.158387197031,105.787508532942,102.00356622006,124.408008908592,126.579494210428,123.095927186754,128.922639036534,134.319251401012,140.236886965913,152.594499832597,156.229943475554,154.895051691759,157.812078588381,165.390369621906,182.868059385178,177.267426847586,185.363493889347,
1424,China,CHN,"Water productivity, total (constant 2015 US$ GDP per cubic meter of total freshwater withdrawal)",ER.GDP.FWTL.M3.KD,,,,,,,,,,,,,,,,,,,,,0.952829457336221,0.982974727574922,1.05210262357613,1.1445797911341,1.29530047850693,1.45757040600496,1.57561556561864,1.74565344488812,1.9266254904476,1.99233961305524,2.05475864771229,2.20770277874017,2.48043546481764,2.77929138804763,3.11998980504388,3.43807831415926,3.75355429979997,4.07259988839224,4.36270163116139,4.66569099130402,5.02834099538542,5.44116890091807,5.93126261729356,6.51908866694061,7.17010377915952,7.97788251856567,8.77267647083343,10.0087691088445,10.8337135583406,11.7076564945707,12.8727441819909,13.9085597861668,14.9070873439806,15.9581929668621,17.414774833338,18.6914045276101,19.5674879043821,21.2006548044483,22.7579952975404,23.7433907174734,25.7113960923135,,,
1459,China,CHN,"Foreign direct investment, net inflows (BoP, current US$)",BX.KLT.DINV.CD.WD,,,,,,,,,,,,,,,,,,,,80000.0,57000000.0,265000000.0,430000000.0,636000000.0,1258000000.0,1659000000.0,1875000000.0,2314000000.0,3194000000.0,3393000000.0,3487000000.0,4366000000.0,11156000000.0,27515000000.0,33787000000.0,35849200000.0,40180000000.0,45439000000.0,45644000000.0,41014000000.0,42095300000.0,47053000000.0,53073618897.4036,57900937467.3864,68117272181.2194,104108693867.085,124082035618.506,156249335203.202,171534650311.569,131057052869.5,243703434558.178,280072219149.935,241213868161.42,290928431467.003,268097181064.335,242489331627.399,174749584584.051,166083755721.649,235365050036.341,187169822364.755,253095616058.58,344074977062.48,180166881345.04,
